millis,stamp,datetime,motion
998, 1534080694, 2018/8/12 13:31:34, Active
1999, 1534080695, 2018/8/12 13:31:35, Active
2999, 1534080696, 2018/8/12 13:31:36, Active
3998, 1534080697, 2018/8/12 13:31:37, Active
4999, 1534080698, 2018/8/12 13:31:38, Active
5999, 1534080699, 2018/8/12 13:31:39, Active
6999, 1534080700, 2018/8/12 13:31:40, Active
7999, 1534080701, 2018/8/12 13:31:41, Active
8999, 1534080702, 2018/8/12 13:31:42, Active
9999, 1534080703, 2018/8/12 13:31:43, Active
10999, 1534080704, 2018/8/12 13:31:44, Active
11999, 1534080705, 2018/8/12 13:31:45, Active
12999, 1534080706, 2018/8/12 13:31:46, Active
13999, 1534080707, 2018/8/12 13:31:47, Active
14999, 1534080708, 2018/8/12 13:31:48, Active
16000, 1534080709, 2018/8/12 13:31:49, Active
16999, 1534080710, 2018/8/12 13:31:50, Active
17998, 1534080711, 2018/8/12 13:31:51, Active
18999, 1534080712, 2018/8/12 13:31:52, Active
19999, 1534080713, 2018/8/12 13:31:53, Active
20999, 1534080714, 2018/8/12 13:31:54, Active
21999, 1534080715, 2018/8/12 13:31:55, Inactive
22999, 1534080716, 2018/8/12 13:31:56, Active
23998, 1534080717, 2018/8/12 13:31:57, Inactive
24999, 1534080718, 2018/8/12 13:31:58, Active
25999, 1534080719, 2018/8/12 13:31:59, Active
26999, 1534080720, 2018/8/12 13:32:0, Active
27999, 1534080721, 2018/8/12 13:32:1, Active
28999, 1534080722, 2018/8/12 13:32:2, Active
29999, 1534080723, 2018/8/12 13:32:3, Active
30999, 1534080724, 2018/8/12 13:32:4, Active
32000, 1534080725, 2018/8/12 13:32:5, Active
32999, 1534080726, 2018/8/12 13:32:6, Active
33999, 1534080727, 2018/8/12 13:32:7, Active
34999, 1534080728, 2018/8/12 13:32:8, Active
35999, 1534080729, 2018/8/12 13:32:9, Active
36999, 1534080730, 2018/8/12 13:32:10, Active
37999, 1534080731, 2018/8/12 13:32:11, Active
38999, 1534080732, 2018/8/12 13:32:12, Active
39999, 1534080733, 2018/8/12 13:32:13, Active
40999, 1534080734, 2018/8/12 13:32:14, Active
41999, 1534080735, 2018/8/12 13:32:15, Active
42999, 1534080736, 2018/8/12 13:32:16, Active
43999, 1534080737, 2018/8/12 13:32:17, Inactive
44999, 1534080738, 2018/8/12 13:32:18, Active
46000, 1534080739, 2018/8/12 13:32:19, Active
46999, 1534080740, 2018/8/12 13:32:20, Active
47998, 1534080741, 2018/8/12 13:32:21, Active
48999, 1534080742, 2018/8/12 13:32:22, Active
49999, 1534080743, 2018/8/12 13:32:23, Active
50999, 1534080744, 2018/8/12 13:32:24, Active
51999, 1534080745, 2018/8/12 13:32:25, Active
52999, 1534080746, 2018/8/12 13:32:26, Active
53999, 1534080747, 2018/8/12 13:32:27, Active
54999, 1534080748, 2018/8/12 13:32:28, Active
55999, 1534080749, 2018/8/12 13:32:29, Active
56999, 1534080750, 2018/8/12 13:32:30, Active
57999, 1534080751, 2018/8/12 13:32:31, Active
58999, 1534080752, 2018/8/12 13:32:32, Active
59999, 1534080753, 2018/8/12 13:32:33, Active
60999, 1534080754, 2018/8/12 13:32:34, Active
62000, 1534080755, 2018/8/12 13:32:35, Active
62999, 1534080756, 2018/8/12 13:32:36, Active
63998, 1534080757, 2018/8/12 13:32:37, Active
64999, 1534080758, 2018/8/12 13:32:38, Active
65999, 1534080759, 2018/8/12 13:32:39, Active
66999, 1534080760, 2018/8/12 13:32:40, Inactive
67999, 1534080761, 2018/8/12 13:32:41, Inactive
68999, 1534080762, 2018/8/12 13:32:42, Inactive
69999, 1534080763, 2018/8/12 13:32:43, Inactive
70999, 1534080764, 2018/8/12 13:32:44, Inactive
71999, 1534080765, 2018/8/12 13:32:45, Inactive
